industry,funding,profitable
AI,138.33951612903223,0
Cybersecurity,156.31980392156865,0
E-Commerce,164.63299999999998,1
EdTech,151.51527027027026,0
FinTech,164.03422535211268,0
Gaming,173.14935483870968,0
HealthTech,134.9269387755102,0
IoT,131.95852459016393,1
