,precision,recall,f1-score,support
Not Profitable,0.639344262295082,0.7090909090909091,0.6724137931034483,55.0
Profitable,0.5897435897435898,0.5111111111111111,0.5476190476190477,45.0
accuracy,0.62,0.62,0.62,0.62
macro avg,0.6145439260193359,0.61010101010101,0.6100164203612479,100.0
weighted avg,0.6170239596469105,0.62,0.616256157635468,100.0
