,precision,recall,f1-score,support
Not Profitable,0.6363636363636364,0.7636363636363637,0.6942148760330579,55.0
Profitable,0.6176470588235294,0.4666666666666667,0.5316455696202531,45.0
accuracy,0.63,0.63,0.63,0.63
macro avg,0.6270053475935828,0.6151515151515152,0.6129302228266555,100.0
weighted avg,0.6279411764705882,0.63,0.6210586881472957,100.0
