,precision,recall,f1-score,support
Not Profitable,0.5357142857142857,0.8181818181818182,0.6474820143884892,55.0
Profitable,0.375,0.13333333333333333,0.19672131147540983,45.0
accuracy,0.51,0.51,0.51,0.51
macro avg,0.45535714285714285,0.47575757575757577,0.4221016629319495,100.0
weighted avg,0.4633928571428571,0.51,0.4446396980776035,100.0
