,precision,recall,f1-score,support
Not Profitable,0.5616438356164384,0.7454545454545455,0.640625,55.0
Profitable,0.48148148148148145,0.28888888888888886,0.3611111111111111,45.0
accuracy,0.54,0.54,0.54,0.54
macro avg,0.5215626585489599,0.5171717171717172,0.5008680555555556,100.0
weighted avg,0.5255707762557078,0.54,0.51484375,100.0
